ID,SalePrice,fecha
0,141592,2007
1,51327,2007
2,48672,2007
3,221238,2007
4,78318,2007
5,61946,2007
6,83185,2007
7,168141,2007
8,153982,2007
9,200884,2007
10,60176,2007
11,185840,2007
12,120796,2007
13,176991,2007
14,55752,2007
15,92035,2007
16,181061,2007
17,198230,2007
18,185840,2007
19,448672,2007
20,167964,2007
21,198230,2007
22,74336,2007
23,61946,2007
24,221238,2007
25,138053,2007
26,39823,2007
27,36283,2007
28,92920,2007
29,134513,2007
30,77876,2007
31,141592,2007
32,98230,2007
33,35398,2007
34,95575,2007
35,147787,2007
36,197345,2007
37,383185,2007
38,462831,2007
39,407079,2007
40,315929,2007
41,289380,2007
42,348672,2007
43,465486,2007
44,393805,2007
45,408849,2007
46,326548,2007
47,348672,2007
48,371681,2007
49,360176,2007
50,360176,2007
51,95132,2007
52,110619,2007
53,232212,2007
54,172566,2007
55,194690,2007
56,36283,2007
57,60176,2007
58,61946,2007
59,81858,2007
60,60176,2007
61,191150,2007
62,162831,2007
63,94690,2007
64,242920,2007
65,307964,2007
66,132743,2007
67,176991,2007
68,323982,2007
69,92035,2007
70,115044,2007
71,137168,2007
72,97345,2007
73,199469,2007
74,82300,2007
75,201769,2007
76,185840,2007
77,174336,2007
78,319469,2007
79,170796,2007
80,72566,2008
81,448672,2008
82,44247,2008
83,51327,2008
84,265486,2008
85,84070,2008
86,212389,2008
87,225663,2008
88,151327,2008
89,91150,2008
90,131415,2008
91,80530,2008
92,86283,2008
93,207964,2008
94,198230,2008
95,194690,2008
96,119292,2008
97,221238,2008
98,150442,2008
99,110619,2008
100,357522,2008
101,337168,2008
102,197345,2008
103,101327,2008
104,243362,2008
105,69026,2008
106,79646,2008
107,295575,2008
108,64601,2008
109,127433,2008
110,66371,2008
111,160637,2008
112,35398,2008
113,176991,2008
114,188495,2008
115,176106,2008
116,176106,2008
117,151769,2008
118,150442,2008
119,63274,2008
120,59734,2008
121,60176,2008
122,327433,2008
123,370796,2008
124,347787,2008
125,462831,2008
126,51327,2008
127,269911,2008
128,256637,2008
129,272566,2008
130,178761,2008
131,194690,2008
132,37787,2008
133,70796,2008
134,84955,2008
135,92035,2008
136,90707,2008
137,194690,2008
138,122389,2008
139,123893,2008
140,341592,2008
141,124778,2008
142,222123,2008
143,169911,2008
144,381663,2008
145,207079,2008
146,170796,2008
147,147787,2008
148,442477,2008
149,150442,2008
150,408849,2008
151,70796,2008
152,57522,2008
153,383185,2008
154,462831,2008
155,371681,2008
156,373451,2008
157,347787,2008
158,383185,2008
159,48672,2008
160,191150,2008
161,272566,2008
162,212389,2008
163,86725,2008
164,247787,2008
165,265486,2008
166,162831,2008
167,84955,2008
168,89380,2008
169,185840,2008
170,38938,2008
171,164601,2008
172,176106,2008
173,66371,2008
174,72123,2008
175,448672,2008
176,307964,2008
177,53097,2008
178,265486,2008
179,265486,2008
180,173451,2008
181,141592,2008
182,65929,2008
183,185840,2008
184,265486,2008
185,181415,2008
186,127433,2008
187,181415,2008
188,144247,2008
189,44247,2008
190,185840,2008
191,291238,2008
192,291238,2008
193,137168,2008
194,332743,2008
195,69911,2008
196,61061,2008
197,326548,2008
198,360176,2008
199,289380,2008
200,307964,2008
201,371681,2008
202,317699,2008
203,315929,2008
204,346017,2008
205,171681,2008
206,268849,2008
207,172566,2008
208,128318,2008
209,283185,2008
210,169911,2008
211,38053,2008
212,221238,2008
213,176991,2008
214,225663,2008
215,92035,2008
216,38584,2008
217,225663,2008
218,333628,2008
219,185840,2008
220,348672,2008
221,362831,2008
222,333628,2008
223,168141,2008
224,141592,2008
225,346017,2008
226,317699,2008
227,348672,2008
228,337168,2008
229,348672,2008
230,340707,2008
231,380530,2008
232,58849,2008
233,61946,2008
234,137168,2008
235,121238,2008
236,141592,2008
237,68141,2008
238,92035,2008
239,230088,2008
240,80530,2008
241,48672,2008
242,38053,2008
243,185840,2008
244,123008,2008
245,132743,2008
246,151327,2008
247,398230,2008
248,190265,2008
249,165929,2008
250,408849,2008
251,307964,2008
252,383185,2008
253,348672,2008
254,278761,2008
255,204424,2008
256,75221,2008
257,84070,2008
258,92035,2008
259,79646,2008
260,252212,2008
261,63716,2008
262,37610,2008
263,90265,2008
264,36283,2008
265,90707,2008
266,128318,2008
267,172566,2008
268,348672,2008
269,362831,2008
270,75221,2008
271,73451,2008
272,180530,2008
273,123008,2008
274,247787,2008
275,90707,2008
276,137168,2008
277,61504,2008
278,215929,2008
279,291415,2008
280,46017,2008
281,112831,2008
282,82743,2008
283,91150,2008
284,137168,2008
285,168141,2008
286,333628,2008
287,348672,2008
288,143362,2008
289,141592,2008
290,346017,2008
291,58407,2008
292,55752,2008
293,127433,2008
294,176991,2008
295,119469,2008
296,60619,2008
297,277256,2008
298,291238,2008
299,286902,2008
300,286902,2008
301,291238,2008
302,277876,2008
303,282566,2008
304,220265,2008
305,291238,2008
306,286902,2008
307,295575,2008
308,273362,2008
309,286902,2008
310,277876,2008
311,282566,2008
312,286902,2008
313,277876,2008
314,295575,2008
315,286902,2008
316,295575,2008
317,295575,2008
318,295575,2008
319,282566,2008
320,277876,2008
321,286902,2008
322,286902,2008
323,291238,2008
324,277876,2008
325,38053,2008
326,115044,2008
327,209734,2008
328,155752,2008
329,176991,2008
330,556637,2008
331,185840,2008
332,47787,2008
333,91150,2008
334,262831,2008
335,84070,2008
336,286902,2008
337,115044,2008
338,123451,2008
339,123893,2008
340,115044,2008
341,75221,2008
342,200884,2008
343,130973,2008
344,74778,2008
345,119469,2008
346,188053,2008
347,53097,2008
348,88495,2008
349,34070,2008
350,95575,2008
351,215929,2008
352,150442,2008
353,408849,2008
354,150442,2008
355,79646,2009
356,84070,2009
357,79646,2009
358,230088,2009
359,32743,2009
360,216371,2009
361,194690,2009
362,162831,2009
363,123893,2009
364,168141,2009
365,167256,2009
366,160176,2009
367,144247,2009
368,70796,2009
369,36814,2009
370,51327,2009
371,163716,2009
372,251769,2009
373,203539,2009
374,135398,2009
375,142920,2009
376,221238,2009
377,35398,2009
378,527433,2009
379,215929,2009
380,115044,2009
381,115044,2009
382,53982,2009
383,58407,2009
384,64601,2009
385,63716,2009
386,203707,2009
387,200522,2009
388,185840,2009
389,150442,2009
390,55752,2009
391,265486,2009
392,161946,2009
393,223893,2009
394,77876,2009
395,53097,2009
396,159292,2009
397,141592,2009
398,209442,2009
399,153097,2009
400,75221,2009
401,115044,2009
402,146017,2009
403,154424,2009
404,110619,2009
405,92035,2009
406,152212,2009
407,123893,2009
408,36283,2009
409,128318,2009
410,168141,2009
411,148672,2009
412,154867,2009
413,243362,2009
414,448672,2009
415,200318,2009
416,209132,2009
417,203646,2009
418,200522,2009
419,262920,2009
420,200522,2009
421,203646,2009
422,203646,2009
423,200522,2009
424,177433,2009
425,88495,2009
426,213274,2009
427,37168,2009
428,67256,2009
429,48672,2009
430,212389,2009
431,84070,2009
432,149557,2009
433,194690,2009
434,161946,2009
435,84070,2009
436,90265,2009
437,128318,2009
438,164601,2009
439,221238,2009
440,203539,2009
441,185840,2009
442,415929,2009
443,141592,2009
444,448672,2009
445,155752,2009
446,152654,2009
447,153097,2009
448,201672,2009
449,203646,2009
450,265442,2009
451,196389,2009
452,207044,2009
453,232743,2009
454,265486,2009
455,274336,2009
456,196460,2009
457,87610,2009
458,221238,2009
459,161061,2009
460,295575,2009
461,150442,2009
462,135398,2009
463,119469,2009
464,121681,2009
465,161061,2009
466,141592,2009
467,362831,2009
468,144247,2009
469,184070,2009
470,203539,2009
471,153982,2009
472,161061,2009
473,149557,2009
474,141592,2009
475,123893,2009
476,159292,2009
477,176991,2009
478,160176,2009
479,201672,2009
480,203646,2009
481,265442,2009
482,198451,2009
483,207044,2009
484,201672,2009
485,203646,2009
486,200522,2009
487,198451,2009
488,203646,2009
489,200318,2009
490,198451,2009
491,198256,2009
492,198256,2009
493,203646,2009
494,200318,2009
495,150442,2009
496,184955,2009
497,137168,2009
498,154867,2009
499,139823,2009
500,57522,2009
501,78318,2009
502,37168,2009
503,79646,2009
504,214159,2009
505,164601,2009
506,135840,2009
507,161504,2009
508,346017,2009
509,208849,2009
510,141592,2009
511,194690,2009
512,362831,2009
513,306194,2009
514,223008,2009
515,283185,2009
516,380530,2009
517,442477,2009
518,199637,2009
519,200522,2009
520,265442,2009
521,175221,2009
522,207044,2009
523,200318,2009
524,203646,2009
525,199637,2009
526,265442,2009
527,203646,2009
528,207044,2009
529,201566,2009
530,262929,2009
531,265442,2009
532,207044,2009
533,198451,2009
534,201566,2009
535,203646,2009
536,196185,2009
537,201566,2009
538,201566,2009
539,262929,2009
540,191938,2009
541,191938,2009
542,193769,2009
543,193769,2009
544,143212,2009
545,190106,2009
546,190106,2009
547,193769,2009
548,190106,2009
549,191938,2009
550,142592,2009
551,193769,2009
552,188265,2009
553,148707,2009
554,149619,2009
555,144115,2009
556,191938,2009
557,147141,2009
558,191938,2009
559,201566,2009
560,207964,2009
561,265442,2009
562,115044,2009
563,55752,2009
564,168141,2009
565,166371,2009
566,137168,2009
567,116814,2009
568,260176,2009
569,165486,2009
570,165486,2009
571,134513,2009
572,146017,2009
573,149557,2009
574,207964,2009
575,141592,2009
576,176991,2009
577,163716,2009
578,163716,2009
579,163716,2009
580,161238,2009
581,153097,2009
582,212389,2009
583,159557,2009
584,209734,2009
585,210619,2009
586,207964,2009
587,210265,2009
588,203646,2009
589,123008,2009
590,173451,2009
591,168141,2009
592,254867,2009
593,168761,2009
594,83628,2009
595,161946,2009
596,83628,2009
597,75221,2009
598,121238,2009
599,65486,2009
600,57522,2009
601,169911,2009
602,160176,2009
603,166371,2009
604,36283,2009
605,192920,2009
606,64159,2009
607,169911,2009
608,75221,2009
609,169026,2009
610,163716,2009
611,172566,2009
612,132743,2009
613,238938,2009
614,209734,2009
615,380530,2009
616,207964,2009
617,318584,2009
618,206194,2009
619,208849,2009
620,208849,2009
621,207522,2009
622,57964,2009
623,234513,2009
624,181415,2009
625,123893,2009
626,199115,2009
627,91150,2009
628,163716,2009
629,147787,2009
630,165486,2009
631,131858,2009
632,91592,2009
633,181415,2009
634,220796,2009
635,106194,2009
636,122123,2009
637,77876,2009
638,83185,2009
639,227433,2009
640,64601,2009
641,128318,2009
642,187610,2009
643,190265,2009
644,128318,2009
645,209734,2009
646,203539,2009
647,428318,2009
648,207964,2009
649,317699,2009
650,347787,2009
651,327433,2009
652,151327,2009
653,39380,2009
654,79646,2009
655,63716,2009
656,176991,2009
657,61946,2009
658,82300,2009
659,131415,2009
660,212389,2009
661,63716,2009
662,168141,2009
663,95575,2009
664,62831,2009
665,66371,2009
666,35840,2009
667,193362,2009
668,164601,2009
669,124778,2009
670,232743,2009
671,215486,2009
672,103539,2009
673,237610,2009
674,242300,2009
675,146902,2009
676,346017,2009
677,398230,2009
678,202654,2009
679,78761,2009
680,92920,2009
681,153097,2009
682,176991,2009
683,164601,2009
684,337168,2009
685,360176,2009
686,326548,2009
687,181858,2009
688,176991,2009
689,197345,2009
690,201327,2009
691,107522,2009
692,173893,2009
693,172566,2009
694,36283,2009
695,96460,2009
696,92920,2009
697,180088,2009
698,333628,2009
699,194690,2009
700,300000,2009
701,76991,2009
702,75221,2009
703,209734,2009
704,207079,2009
705,197345,2009
706,462831,2009
707,476106,2009
708,435398,2009
709,196460,2009
710,79646,2009
711,106194,2009
712,212389,2009
713,170796,2009
714,141592,2009
715,150442,2009
716,216814,2009
717,91592,2009
718,61946,2009
719,128318,2009
720,38053,2009
721,168141,2009
722,173451,2009
723,61946,2009
724,398230,2009
725,176991,2009
726,163716,2009
727,398230,2009
728,318584,2009
729,167256,2010
730,175221,2010
731,66371,2010
732,357522,2010
733,448672,2010
734,53982,2010
735,261946,2010
736,145132,2010
737,55752,2010
738,94690,2010
739,106194,2010
740,137168,2010
741,170353,2010
742,96460,2010
743,159292,2010
744,61061,2010
745,68141,2010
746,127876,2010
747,148230,2010
748,142477,2010
749,86725,2010
750,135398,2010
751,152212,2010
752,129203,2010
753,154690,2010
754,64601,2010
755,176991,2010
756,169026,2010
757,448672,2010
758,393805,2010
759,170796,2010
760,202654,2010
761,115044,2010
762,38053,2010
763,118584,2010
764,123893,2010
765,84955,2010
766,39823,2010
767,175221,2010
768,117699,2010
769,123893,2010
770,233628,2010
771,82300,2010
772,428318,2010
773,185840,2010
774,212389,2010
775,416814,2010
776,194690,2010
777,181415,2010
778,132743,2010
779,114159,2010
780,115486,2010
781,61946,2010
782,106194,2010
783,168141,2010
784,348672,2010
785,371681,2010
786,357522,2010
787,448672,2010
788,347787,2010
789,448672,2010
790,56637,2010
791,141592,2010
792,53097,2010
793,65044,2010
794,110176,2010
795,96460,2010
796,66371,2010
797,38938,2010
798,87610,2010
799,63716,2010
800,109292,2010
801,142920,2010
802,123451,2010
803,106194,2010
804,215044,2010
805,140707,2010
806,110619,2010
807,77876,2010
808,132300,2010
809,174336,2010
810,227433,2010
811,130973,2010
812,163716,2010
813,55309,2010
814,357522,2010
815,448672,2010
816,448672,2010
817,247787,2010
818,38053,2010
819,38938,2010
820,62831,2010
821,215929,2010
822,82035,2010
823,176991,2010
824,38938,2010
825,163716,2010
826,127433,2010
827,110619,2010
828,238938,2010
829,238938,2010
830,146017,2010
831,53097,2010
832,337168,2010
833,360176,2010
834,405309,2010
835,435398,2010
836,56637,2010
837,52477,2010
838,73442,2010
839,75920,2010
840,73053,2010
841,73840,2010
842,100884,2010
843,75088,2010
844,75088,2010
845,75088,2010
846,75504,2010
847,75088,2010
848,75920,2010
849,75920,2010
850,73840,2010
851,75920,2010
852,75920,2010
853,74256,2010
854,73840,2010
855,73840,2010
856,75920,2010
857,75504,2010
858,75920,2010
859,73053,2010
860,75088,2010
861,75504,2010
862,75088,2010
863,75920,2010
864,75920,2010
865,73840,2010
866,75504,2010
867,74256,2010
868,73840,2010
869,75088,2010
870,75088,2010
871,75920,2010
872,73053,2010
873,73840,2010
874,75504,2010
875,75920,2010
876,75920,2010
877,103982,2010
878,75920,2010
879,75920,2010
880,73442,2010
881,75920,2010
882,75920,2010
883,173451,2010
884,74672,2010
885,75920,2010
886,75920,2010
887,75504,2010
888,75920,2010
889,207079,2010
890,75920,2010
891,75088,2010
892,74256,2010
893,75504,2010
894,75920,2010
895,75920,2010
896,75920,2010
897,74256,2010
898,75920,2010
899,75088,2010
900,74256,2010
901,73840,2010
902,75920,2010
903,75920,2010
904,75504,2010
905,75088,2010
906,73840,2010
907,73840,2010
908,75920,2010
909,75504,2010
910,74256,2010
911,75504,2010
912,75920,2010
913,75920,2010
914,75920,2010
915,75088,2010
916,73840,2010
917,75920,2010
918,75920,2010
919,75088,2010
920,75920,2010
921,75504,2010
922,72654,2010
923,73840,2010
924,74256,2010
925,73053,2010
926,73840,2010
927,73840,2010
928,73840,2010
929,75088,2010
930,75504,2010
931,73840,2010
932,75920,2010
933,75920,2010
934,75920,2010
935,141592,2010
936,73840,2010
937,73442,2010
938,75920,2010
939,75920,2010
940,141592,2010
941,74256,2010
942,80530,2010
943,73442,2010
944,97345,2010
945,74256,2010
946,75920,2010
947,75504,2010
948,75920,2010
949,143362,2010
950,146460,2010
951,106194,2010
952,161061,2010
953,398230,2010
954,61946,2010
955,337168,2010
956,107079,2010
957,84955,2010
958,39380,2010
959,130973,2010
960,168141,2010
961,88495,2010
962,106194,2010
963,84955,2010
964,75504,2010
965,73008,2010
966,75920,2010
967,86725,2010
968,37168,2010
969,133628,2010
970,57964,2010
971,194690,2010
972,169911,2010
973,193805,2010
974,104867,2010
975,182300,2010
976,75221,2010
977,190265,2010
978,287610,2010
979,109734,2010
980,176991,2010
981,58849,2010
982,39823,2010
983,125663,2010
984,57964,2010
985,132743,2010
986,170353,2010
987,85398,2010
988,44247,2010
989,132300,2010
990,188495,2010
991,168141,2010
992,178761,2010
993,132743,2010
994,172566,2010
995,53982,2010
996,227876,2010
997,265486,2010
998,190265,2010
999,169911,2010
1000,105309,2010
1001,194690,2010
1002,126548,2010
1003,141592,2010
1004,60000,2010
1005,107964,2010
1006,82300,2010
1007,61946,2010
1008,59292,2010
1009,145575,2010
1010,142035,2010
1011,36548,2010
1012,65929,2010
1013,168141,2010
1014,75920,2010
1015,113274,2010
1016,178761,2010
1017,234513,2010
1018,185840,2010
1019,156637,2010
1020,416814,2010
1021,384955,2010
1022,223008,2010
1023,212389,2010
1024,75221,2010
1025,154867,2010
1026,153982,2010
1027,53097,2010
1028,265486,2010
1029,318584,2010
1030,380530,2010
1031,54867,2010
1032,172566,2010
1033,186725,2010
1034,79646,2010
1035,130088,2010
1036,190265,2010
1037,129203,2010
1038,171681,2010
1039,353982,2010
1040,162831,2010
1041,157522,2010
1042,173451,2010
1043,159292,2010
1044,172123,2010
1045,216814,2010
1046,162831,2010
1047,175221,2010
1048,165486,2010
1049,179646,2010
1050,181415,2010
1051,150442,2010
1052,383185,2010
1053,462831,2010
1054,382300,2010
1055,448672,2010
1056,360176,2010
1057,382300,2010
1058,435398,2010
1059,371681,2010
1060,94690,2010
1061,186725,2010
1062,92035,2010
1063,90265,2010
1064,214159,2010
1065,188053,2010
1066,60176,2010
1067,130973,2010
1068,43185,2010
1069,110619,2010
1070,196460,2010
1071,65486,2010
1072,169026,2010
1073,85840,2010
1074,177876,2010
1075,185840,2010
1076,155584,2010
1077,161946,2010
1078,165929,2010
1079,141592,2010
1080,130973,2010
1081,91592,2010
1082,146017,2010
1083,166814,2010
1084,141592,2010
1085,115044,2010
1086,100884,2010
1087,163716,2010
1088,210619,2010
1089,82300,2010
1090,153539,2010
1091,103097,2010
1092,83628,2010
1093,184070,2010
1094,229203,2010
1095,196460,2010
1096,76548,2010
1097,75221,2010
1098,191150,2010
1099,199115,2010
1100,183185,2010
1101,191150,2010
1102,383185,2010
1103,383185,2010
1104,422123,2010
1105,383185,2010
1106,348672,2010
1107,422123,2010
1108,57522,2010
1109,97345,2010
1110,65929,2010
1111,194690,2010
1112,238053,2010
1113,258407,2010
1114,176991,2010
1115,128318,2010
1116,130973,2010
1117,132743,2010
1118,82300,2010
1119,236283,2010
1120,170796,2010
1121,238938,2010
1122,84070,2010
1123,230088,2010
1124,132300,2010
1125,38495,2010
1126,37610,2010
1127,170796,2010
1128,212389,2010
1129,113716,2010
1130,221238,2010
1131,240707,2010
1132,242477,2010
1133,233628,2010
1134,346017,2010
1135,163716,2010
1136,198849,2010
1137,371681,2010
1138,360176,2010
1139,370796,2010
1140,405309,2010
1141,370796,2010
1142,383185,2010
1143,382300,2010
1144,199115,2010
1145,314159,2010
1146,83185,2010
1147,92920,2010
1148,63893,2010
1149,108407,2010
1150,175221,2010
1151,92920,2010
1152,63716,2010
1153,146460,2010
1154,181415,2010
1155,34513,2010
1156,142035,2010
1157,132743,2010
1158,245575,2010
1159,221238,2010
1160,167256,2010
1161,167699,2010
1162,176991,2010
1163,73840,2010
1164,228318,2010
1165,135398,2010
1166,119469,2010
1167,159292,2010
1168,228318,2010
1169,206194,2010
1170,190265,2010
1171,112389,2010
1172,230088,2010
1173,234513,2010
1174,75221,2011
1175,76106,2011
1176,128318,2011
1177,76991,2011
1178,201769,2011
1179,192920,2011
1180,435398,2011
1181,393805,2011
1182,383185,2011
1183,393805,2011
1184,394690,2011
1185,406194,2011
1186,419469,2011
1187,360176,2011
1188,394690,2011
1189,393805,2011
1190,370796,2011
1191,360176,2011
1192,393805,2011
1193,59911,2011
1194,278761,2011
1195,185840,2011
1196,176991,2011
1197,215929,2011
1198,171681,2011
1199,214601,2011
1200,167256,2011
1201,171681,2011
1202,40088,2011
1203,143805,2011
1204,83185,2011
1205,199115,2011
1206,219469,2011
1207,130088,2011
1208,169026,2011
1209,163716,2011
1210,92920,2011
1211,113274,2011
1212,175221,2011
1213,91150,2011
1214,135398,2011
1215,84070,2011
1216,86725,2011
1217,136283,2011
1218,215929,2011
1219,159292,2011
1220,205752,2011
1221,141592,2011
1222,154867,2011
1223,345132,2011
1224,172566,2011
1225,178761,2011
1226,194690,2011
1227,60176,2011
1228,458407,2011
1229,422123,2011
1230,432743,2011
1231,370796,2011
1232,393805,2011
1233,422123,2011
1234,383185,2011
1235,171681,2011
1236,203539,2011
1237,138495,2011
1238,185840,2011
1239,140707,2011
1240,82300,2011
1241,177876,2011
1242,65486,2011
1243,172566,2011
1244,39823,2011
1245,197345,2011
1246,97345,2011
1247,148230,2011
1248,169026,2011
1249,242477,2011
1250,108849,2011
1251,210619,2011
1252,115044,2011
1253,74778,2011
1254,181415,2011
1255,234513,2011
1256,166371,2011
1257,161061,2011
1258,181415,2011
1259,353982,2011
1260,237168,2011
1261,238053,2011
1262,185398,2011
1263,158407,2011
1264,77433,2011
1265,174778,2011
1266,159292,2011
1267,203539,2011
1268,446017,2011
1269,446017,2011
1270,446017,2011
1271,448672,2011
1272,419469,2011
1273,393805,2011
1274,392920,2011
1275,393805,2011
1276,55752,2011
1277,238938,2011
1278,219469,2011
1279,175221,2011
1280,97345,2011
1281,194690,2011
1282,171681,2011
1283,39823,2011
1284,119469,2011
1285,168141,2011
1286,97345,2011
1287,250442,2011
1288,169292,2011
1289,84513,2011
1290,115929,2011
1291,123008,2011
1292,216371,2011
1293,194690,2011
1294,184070,2011
1295,165486,2011
1296,88495,2011
1297,100000,2011
1298,115044,2011
1299,115044,2011
1300,145132,2011
1301,148672,2011
1302,230088,2011
1303,212389,2011
1304,207079,2011
1305,206194,2011
1306,163716,2011
1307,145132,2011
1308,170353,2011
1309,393805,2011
1310,393805,2011
1311,205309,2011
1312,189380,2011
1313,200000,2011
1314,95575,2011
1315,80088,2011
1316,99115,2011
1317,171681,2011
1318,119469,2011
1319,236283,2011
1320,171238,2011
1321,137168,2011
1322,283185,2011
1323,180088,2011
1324,227433,2011
1325,230088,2011
1326,171681,2011
1327,109734,2011
1328,69469,2011
1329,168141,2011
1330,153097,2011
1331,202654,2011
1332,157522,2011
1333,171681,2011
1334,267256,2011
1335,159292,2011
1336,238938,2011
1337,230088,2011
1338,238938,2011
1339,373893,2011
1340,153097,2011
1341,156637,2011
1342,246017,2011
1343,325663,2011
1344,191150,2011
1345,186725,2011
1346,141592,2011
1347,55752,2011
1348,192035,2011
1349,172566,2011
1350,187610,2011
1351,83185,2011
1352,184070,2011
1353,176991,2011
1354,132743,2011
1355,133628,2011
1356,165486,2011
1357,193805,2011
1358,89380,2011
1359,114159,2011
1360,114159,2011
1361,102212,2011
1362,102212,2011
1363,126548,2011
1364,154867,2011
1365,243362,2011
1366,172566,2011
1367,166371,2011
1368,58849,2011
1369,57522,2011
1370,307079,2011
1371,179646,2011
1372,218584,2011
1373,106194,2011
1374,261061,2011
1375,192035,2011
1376,196460,2011
1377,185840,2011
1378,207079,2011
1379,172566,2011
1380,199115,2011
1381,40265,2011
1382,143362,2011
1383,176991,2011
1384,141592,2011
1385,246902,2011
1386,153097,2011
1387,143362,2011
1388,203539,2011
1389,172566,2011
1390,143362,2011
1391,230088,2011
1392,184070,2011
1393,210619,2011
1394,218584,2011
1395,220353,2011
1396,181415,2011
1397,57964,2011
1398,61681,2011
1399,216814,2011
1400,172566,2011
1401,188495,2011
1402,194690,2011
1403,119469,2011
1404,432743,2011
1405,448672,2011
1406,435398,2011
1407,448672,2011
1408,448672,2011
1409,432743,2011
1410,378761,2011
1411,199115,2011
1412,148672,2011
1413,78761,2011
1414,65486,2011
1415,97345,2011
1416,121681,2011
1417,103097,2011
1418,157522,2011
1419,148672,2011
1420,94690,2011
1421,163716,2011
1422,84955,2011
1423,247787,2011
1424,221238,2011
1425,150442,2011
1426,163716,2011
1427,205309,2011
1428,161946,2011
1429,163716,2011
1430,154867,2011
1431,221238,2011
1432,225663,2011
1433,194690,2011
1434,71238,2011
1435,180530,2011
1436,181415,2011
1437,432743,2011
1438,432743,2011
1439,271681,2011
1440,197345,2011
1441,196460,2011
1442,241592,2011
1443,117699,2011
1444,117699,2011
1445,74336,2011
1446,218584,2011
1447,183185,2011
1448,116814,2011
1449,198230,2011
1450,336283,2011
1451,168141,2011
1452,147787,2011
1453,252212,2011
1454,190265,2011
1455,82300,2011
1456,183185,2011
1457,221238,2011
1458,232743,2011
1459,168141,2011
1460,243362,2011
1461,200884,2011
1462,115044,2011
1463,210619,2011
1464,197345,2011
1465,172566,2011
1466,73893,2011
1467,192920,2011
1468,96460,2011
1469,214159,2011
1470,123008,2011
1471,99557,2011
1472,197345,2011
1473,117256,2011
1474,216814,2011
1475,176106,2011
1476,203539,2011
1477,223893,2011
1478,178761,2011
1479,207964,2011
1480,218141,2011
1481,178318,2011
1482,193805,2011
1483,432743,2011
1484,274336,2011
1485,42477,2011
1486,228318,2011
1487,120353,2011
1488,144247,2011
1489,141592,2011
1490,272566,2011
1491,221238,2011
1492,264601,2011
1493,209734,2011
1494,194690,2011
1495,230088,2011
1496,203539,2011
1497,112831,2011
1498,216814,2011
1499,170796,2011
1500,168141,2011
1501,158407,2011
1502,284955,2011
1503,247787,2011
1504,238053,2011
1505,85840,2011
1506,216814,2011
1507,159292,2011
1508,333628,2011
1509,250442,2011
1510,106194,2011
1511,124778,2011
1512,194690,2011
1513,229203,2011
1514,199115,2011
1515,131415,2011
1516,227433,2011
1517,174336,2011
1518,185840,2011
1519,81415,2011
1520,101769,2011
1521,159557,2011
1522,100000,2011
1523,192035,2011
1524,211150,2011
1525,159292,2011
1526,163716,2011
1527,253097,2011
1528,238053,2011
1529,150442,2011
1530,194690,2011
1531,194690,2011
1532,176991,2011
1533,155752,2011
1534,117699,2011
1535,68141,2011
1536,207964,2011
1537,192920,2011
1538,419469,2011
1539,383185,2011
1540,207964,2011
1541,78318,2011
1542,78761,2011
1543,43362,2011
1544,232743,2011
1545,248672,2011
1546,210619,2011
1547,70796,2011
1548,169911,2011
1549,264424,2011
1550,278761,2011
1551,151327,2011
1552,230088,2011
1553,221238,2011
1554,212389,2011
1555,168141,2011
1556,185840,2011
1557,152212,2011
1558,62389,2012
1559,275663,2012
1560,131858,2012
1561,230088,2012
1562,119469,2012
1563,117699,2012
1564,118584,2012
1565,253097,2012
1566,215044,2012
1567,216814,2012
1568,130973,2012
1569,157522,2012
1570,130088,2012
1571,123893,2012
1572,360176,2012
1573,245132,2012
1574,228849,2012
1575,154867,2012
1576,150442,2012
1577,225663,2012
1578,231858,2012
1579,187610,2012
1580,193805,2012
1581,220353,2012
1582,203539,2012
1583,130973,2012
1584,216814,2012
1585,185840,2012
1586,123893,2012
1587,113274,2012
1588,212389,2012
1589,223893,2012
1590,170796,2012
1591,192920,2012
1592,123893,2012
1593,130973,2012
1594,49734,2012
1595,247787,2012
1596,280973,2012
1597,125663,2012
1598,169469,2012
1599,215929,2012
1600,168141,2012
1601,228761,2012
1602,178761,2012
1603,402654,2012
1604,353982,2012
1605,175221,2012
1606,111504,2012
1607,187610,2012
1608,182300,2012
1609,199115,2012
1610,221238,2012
1611,243362,2012
1612,196460,2012
1613,226548,2012
1614,48053,2012
1615,247787,2012
1616,238938,2012
1617,228318,2012
1618,238053,2012
1619,162831,2012
1620,197345,2012
1621,95132,2012
1622,224778,2012
1623,230088,2012
1624,158407,2012
1625,169911,2012
1626,117699,2012
1627,117256,2012
1628,207964,2012
1629,139823,2012
1630,118141,2012
1631,170796,2012
1632,230088,2012
1633,210619,2012
1634,111504,2012
1635,170796,2012
1636,183185,2012
1637,312389,2012
1638,252212,2012
1639,159292,2012
1640,367256,2012
1641,208407,2012
1642,141592,2012
1643,123893,2012
1644,220353,2012
1645,232300,2012
1646,184070,2012
1647,115044,2012
1648,195575,2012
1649,200000,2012
1650,265044,2012
1651,215929,2012
1652,198230,2012
1653,247787,2012
1654,210619,2012
1655,259292,2012
1656,159292,2012
1657,238053,2012
1658,166371,2012
1659,168141,2012
1660,86725,2012
1661,192920,2012
1662,208849,2012
1663,111504,2012
1664,265486,2012
1665,278318,2012
1666,138495,2012
1667,143362,2012
1668,85840,2012
1669,219469,2012
1670,175221,2012
1671,161061,2012
1672,249557,2012
1673,203982,2012
1674,82300,2012
1675,243362,2012
1676,212389,2012
1677,154867,2012
1678,253097,2012
1679,159292,2012
1680,169911,2012
1681,176106,2012
1682,192035,2012
1683,82300,2012
1684,217699,2012
1685,185840,2012
1686,216814,2012
1687,64601,2012
1688,194690,2012
1689,273451,2012
1690,252212,2012
1691,218584,2012
1692,185840,2012
1693,96460,2012
1694,124778,2012
1695,261061,2012
1696,115486,2012
1697,119469,2012
1698,75221,2012
1699,128318,2012
1700,118584,2012
1701,216814,2012
1702,242477,2012
1703,300884,2012
1704,176991,2012
1705,380530,2012
1706,184070,2012
1707,140707,2012
1708,75221,2012
1709,203539,2012
1710,123893,2012
1711,146017,2012
1712,211504,2012
1713,214159,2012
1714,211504,2012
1715,188495,2012
1716,117699,2012
1717,185840,2012
1718,107964,2012
1719,55752,2012
1720,128318,2012
1721,210619,2012
1722,216814,2012
1723,261061,2012
1724,238938,2012
1725,207079,2012
1726,66371,2012
1727,217699,2012
1728,203539,2012
1729,237168,2012
1730,231415,2012
1731,57522,2012
1732,194690,2012
1733,166371,2012
1734,221238,2012
1735,130088,2012
1736,218584,2012
1737,159292,2012
1738,230088,2012
1739,181415,2012
1740,261061,2012
1741,194690,2012
1742,263716,2012
1743,100000,2012
1744,190265,2012
1745,172566,2012
1746,214159,2012
1747,212389,2012
1748,218584,2012
1749,307079,2012
1750,191150,2012
1751,163716,2012
1752,241592,2012
1753,181415,2012
1754,230088,2012
1755,225663,2012
1756,232743,2012
1757,214601,2012
1758,199115,2012
1759,185840,2012
1760,90265,2012
1761,192035,2012
1762,245132,2012
1763,176991,2012
1764,198230,2012
1765,201327,2012
1766,246017,2012
1767,159292,2012
1768,108849,2012
1769,78761,2012
1770,161061,2012
1771,174336,2012
1772,192920,2012
1773,199115,2012
1774,393805,2012
1775,318584,2012
1776,267256,2012
1777,232477,2012
1778,218584,2012
1779,192920,2012
1780,215486,2012
1781,198230,2012
1782,214159,2012
1783,256637,2012
1784,91592,2012
1785,238938,2012
1786,178761,2012
1787,234513,2012
1788,274336,2012
1789,166371,2012
1790,209734,2012
1791,148230,2012
1792,210176,2012
1793,279646,2012
1794,213716,2012
1795,123893,2012
1796,161504,2012
1797,88938,2012
1798,172566,2012
1799,237168,2012
1800,76106,2012
1801,188495,2012
1802,187610,2012
1803,190265,2012
1804,141592,2012
1805,193805,2012
1806,224778,2012
1807,224823,2012
1808,73451,2012
1809,207964,2012
1810,204424,2012
1811,214159,2012
1812,283185,2012
1813,259292,2012
1814,288495,2012
1815,157522,2012
1816,183185,2012
1817,216814,2012
1818,124778,2012
1819,185840,2012
1820,232743,2012
1821,123893,2012
1822,233628,2012
1823,206194,2012
1824,254867,2012
1825,196460,2012
1826,261946,2012
1827,199115,2012
1828,194690,2012
1829,118584,2012
1830,193805,2012
1831,217699,2012
1832,203539,2012
1833,261946,2012
1834,163716,2012
1835,258407,2012
1836,215929,2012
1837,174336,2012
1838,238938,2012
1839,317699,2012
1840,181415,2012
1841,72566,2012
1842,73893,2012
1843,207079,2012
1844,207964,2012
1845,280530,2012
1846,283185,2012
1847,305309,2012
1848,231858,2012
1849,166371,2012
1850,247787,2012
1851,112389,2012
1852,190265,2012
1853,161061,2012
1854,159292,2012
1855,222123,2012
1856,184070,2012
1857,134513,2012
1858,216814,2012
1859,134513,2012
1860,207964,2012
1861,320353,2012
1862,336283,2012
1863,232743,2012
1864,230088,2012
1865,442477,2012
1866,253982,2012
1867,245132,2012
1868,328318,2012
1869,398230,2012
1870,320353,2012
1871,111504,2013
1872,92920,2013
1873,194247,2013
1874,227876,2013
1875,261061,2013
1876,262389,2013
1877,207079,2013
1878,161946,2013
1879,184070,2013
1880,190265,2013
1881,202654,2013
1882,263716,2013
1883,201769,2013
1884,234513,2013
1885,138938,2013
1886,203539,2013
1887,252212,2013
1888,243362,2013
1889,137168,2013
1890,84070,2013
1891,261061,2013
1892,221238,2013
1893,323893,2013
1894,163716,2013
1895,161061,2013
1896,251327,2013
1897,197345,2013
1898,341592,2013
1899,69911,2013
1900,86725,2013
1901,68584,2013
1902,69469,2013
1903,267256,2013
1904,291150,2013
1905,268141,2013
1906,283185,2013
1907,203539,2013
1908,230088,2013
1909,183628,2013
1910,159292,2013
1911,193805,2013
1912,220353,2013
1913,233185,2013
1914,131858,2013
1915,189115,2013
1916,132743,2013
1917,210176,2013
1918,220353,2013
1919,221238,2013
1920,115044,2013
1921,153982,2013
1922,132743,2013
1923,232743,2013
1924,187610,2013
1925,205309,2013
1926,126548,2013
1927,362831,2013
1928,206194,2013
1929,213274,2013
1930,207964,2013
1931,206194,2013
1932,175221,2013
1933,36283,2013
1934,169911,2013
1935,228318,2013
1936,247787,2013
1937,141150,2013
1938,174336,2013
1939,190265,2013
1940,163716,2013
1941,132743,2013
1942,168141,2013
1943,203539,2013
1944,246460,2013
1945,281858,2013
1946,219469,2013
1947,241592,2013
1948,92920,2013
1949,307079,2013
1950,238938,2013
1951,123008,2013
1952,221238,2013
1953,175221,2013
1954,194690,2013
1955,388495,2013
1956,181415,2013
1957,199115,2013
1958,258079,2013
1959,263345,2013
1960,254123,2013
1961,263345,2013
1962,258079,2013
1963,260707,2013
1964,250176,2013
1965,260707,2013
1966,244911,2013
1967,260707,2013
1968,250176,2013
1969,263345,2013
1970,260707,2013
1971,250176,2013
1972,244911,2013
1973,252814,2013
1974,255840,2013
1975,242274,2013
1976,255442,2013
1977,246230,2013
1978,255442,2013
1979,229212,2013
1980,258079,2013
1981,252814,2013
1982,255442,2013
1983,263345,2013
1984,260707,2013
1985,185840,2013
1986,128318,2013
1987,422123,2013
1988,230088,2013
1989,211061,2013
1990,300884,2013
1991,215044,2013
1992,353982,2013
1993,221238,2013
1994,203539,2013
1995,221238,2013
1996,225663,2013
1997,168141,2013
1998,150000,2013
1999,283185,2013
2000,262831,2013
2001,156637,2013
2002,212389,2013
2003,155752,2013
2004,130973,2013
2005,250000,2013
2006,114159,2013
2007,225663,2013
2008,221681,2013
2009,230088,2013
2010,203539,2013
2011,101769,2013
2012,378053,2013
2013,339035,2013
2014,350008,2013
2015,265486,2013
2016,360176,2013
2017,237168,2013
2018,252212,2013
2019,211504,2013
2020,203539,2013
2021,170796,2013
2022,223008,2013
2023,433628,2013
2024,90265,2013
2025,188938,2013
2026,230088,2013
2027,259008,2013
2028,255442,2013
2029,250176,2013
2030,265557,2013
2031,252814,2013
2032,254123,2013
2033,252814,2013
2034,255442,2013
2035,252814,2013
2036,254123,2013
2037,255442,2013
2038,255442,2013
2039,258079,2013
2040,244911,2013
2041,255442,2013
2042,255442,2013
2043,257654,2013
2044,255442,2013
2045,255442,2013
2046,258079,2013
2047,250176,2013
2048,255442,2013
2049,258079,2013
2050,250176,2013
2051,255442,2013
2052,244911,2013
2053,244911,2013
2054,237008,2013
2055,250176,2013
2056,252814,2013
2057,259026,2013
2058,250176,2013
2059,260707,2013
2060,255442,2013
2061,260707,2013
2062,265557,2013
2063,255840,2013
2064,263345,2013
2065,248884,2013
2066,252814,2013
2067,178318,2013
2068,316814,2013
2069,318584,2013
2070,336283,2013
2071,215044,2013
2072,293805,2013
2073,190707,2013
2074,150442,2013
2075,280530,2013
2076,172566,2013
2077,169911,2013
2078,156637,2013
2079,134513,2013
2080,251327,2013
2081,172566,2013
2082,115044,2013
2083,207079,2013
2084,292035,2013
2085,128318,2013
2086,122123,2013
2087,158407,2013
2088,255752,2013
2089,269911,2013
2090,128318,2013
2091,194690,2013
2092,411504,2013
2093,176991,2013
2094,356778,2013
2095,238938,2013
2096,168141,2013
2097,86725,2013
2098,205309,2013
2099,185840,2013
2100,255442,2013
2101,255442,2013
2102,255442,2013
2103,255442,2013
2104,250176,2013
2105,252814,2013
2106,261592,2013
2107,252814,2013
2108,255442,2013
2109,237008,2013
2110,255442,2013
2111,258079,2013
2112,255442,2013
2113,255442,2013
2114,172566,2013
2115,207522,2013
2116,182300,2013
2117,305309,2013
2118,281415,2013
2119,216814,2013
2120,152212,2013
2121,256637,2013
2122,219469,2013
2123,203539,2013
2124,203539,2013
2125,149557,2013
2126,265486,2013
2127,154867,2013
2128,230088,2013
2129,281415,2013
2130,149557,2013
2131,252212,2013
2132,168141,2013
2133,157079,2013
2134,252212,2013
2135,250442,2013
2136,238938,2013
2137,343362,2013
2138,269911,2013
2139,127433,2013
2140,208584,2013
2141,164601,2013
2142,255442,2013
2143,250176,2013
2144,250176,2013
2145,61946,2013
2146,184070,2013
2147,227433,2013
2148,143362,2013
2149,252212,2013
2150,212389,2013
2151,183628,2013
2152,243362,2013
2153,153097,2013
2154,144247,2013
2155,192920,2013
2156,265486,2013
2157,212389,2013
2158,119469,2013
2159,185840,2013
2160,232743,2013
2161,281415,2013
2162,300884,2013
2163,149115,2013
2164,238053,2013
2165,164601,2013
2166,150442,2013
2167,145132,2013
2168,110619,2013
2169,162831,2013
2170,260176,2013
2171,161061,2013
2172,172566,2013
2173,147787,2013
2174,299115,2013
2175,106194,2013
2176,149557,2013
2177,119026,2013
2178,181415,2013
2179,243362,2013
2180,192920,2013
2181,207079,2013
2182,310079,2013
2183,199115,2013
2184,264601,2013
2185,223451,2013
2186,219469,2013
2187,250000,2013
2188,223893,2013
2189,223008,2013
2190,94955,2013
2191,314159,2013
2192,367256,2013
2193,276991,2013
2194,300884,2013
2195,314159,2013
2196,161504,2013
2197,150442,2013
2198,254867,2013
2199,119469,2013
2200,233185,2013
2201,254867,2013
2202,203539,2013
2203,215044,2013
2204,338938,2013
2205,210619,2013
2206,265486,2013
2207,361061,2013
2208,225663,2013
2209,203539,2013
2210,238938,2013
2211,225663,2013
2212,93805,2013
2213,314159,2013
2214,265486,2013
2215,247787,2013
2216,106194,2013
2217,122123,2013
2218,269911,2013
2219,116814,2013
2220,194690,2013
2221,157079,2013
2222,230088,2013
2223,118584,2013
2224,255752,2013
2225,103539,2013
2226,148672,2013
2227,228761,2013
2228,261061,2013
2229,172566,2013
2230,157522,2013
2231,179646,2013
2232,229203,2013
2233,172566,2013
2234,230088,2013
2235,109734,2013
2236,238053,2013
2237,168141,2013
2238,322814,2013
2239,351247,2013
2240,203539,2013
2241,206194,2013
2242,278761,2013
2243,225663,2013
2244,262831,2013
2245,83185,2013
2246,332743,2013
2247,281415,2013
2248,287610,2013
2249,300000,2013
2250,274336,2013
2251,143362,2013
2252,250442,2013
2253,153097,2013
2254,228761,2013
2255,151327,2013
2256,230088,2013
2257,250442,2013
2258,293238,2013
2259,220353,2013
2260,280530,2013
2261,206194,2013
2262,169026,2013
2263,139823,2013
2264,228318,2013
2265,207079,2013
2266,353982,2013
2267,137610,2013
2268,230088,2013
2269,300884,2013
2270,230088,2013
2271,294690,2013
2272,307964,2013
2273,284955,2013
2274,181415,2013
2275,265486,2013
2276,242477,2013
2277,194690,2013
2278,256637,2013
2279,238938,2013
2280,234513,2013
2281,157964,2013
2282,205309,2013
2283,146017,2013
2284,292035,2013
2285,197345,2013
2286,278761,2013
2287,235840,2013
2288,154867,2013
2289,203539,2013
2290,219469,2013
2291,214159,2013
2292,299026,2013
2293,256637,2013
2294,334070,2013
2295,334070,2013
2296,181415,2013
2297,234513,2013
2298,238938,2013
2299,278761,2013
2300,209734,2013
2301,225663,2013
2302,256637,2013
2303,283185,2014
2304,203539,2014
2305,294690,2014
2306,295575,2014
2307,291150,2014
2308,320353,2014
2309,106194,2014
2310,252212,2014
2311,111061,2014
2312,236283,2014
2313,276991,2014
2314,285398,2014
2315,225663,2014
2316,247787,2014
2317,176991,2014
2318,130973,2014
2319,221238,2014
2320,207964,2014
2321,185840,2014
2322,238938,2014
2323,131858,2014
2324,212389,2014
2325,260176,2014
2326,279646,2014
2327,117699,2014
2328,238938,2014
2329,262831,2014
2330,200221,2014
2331,276548,2014
2332,329203,2014
2333,313274,2014
2334,327433,2014
2335,332743,2014
2336,238053,2014
2337,253982,2014
2338,61946,2014
2339,153982,2014
2340,166371,2014
2341,283185,2014
2342,261061,2014
2343,254867,2014
2344,260176,2014
2345,234513,2014
2346,271681,2014
2347,205309,2014
2348,237168,2014
2349,318584,2014
2350,169026,2014
2351,230088,2014
2352,254867,2014
2353,211061,2014
2354,244690,2014
2355,217699,2014
2356,247787,2014
2357,104424,2014
2358,230088,2014
2359,283185,2014
2360,281415,2014
2361,283185,2014
2362,219911,2014
2363,226991,2014
2364,243362,2014
2365,223008,2014
2366,61504,2014
2367,318584,2014
2368,331858,2014
2369,212389,2014
2370,362831,2014
2371,346902,2014
2372,207079,2014
2373,243362,2014
2374,146017,2014
2375,234513,2014
2376,181415,2014
2377,261061,2014
2378,261061,2014
2379,190265,2014
2380,206637,2014
2381,207079,2014
2382,246902,2014
2383,141592,2014
2384,159292,2014
2385,227433,2014
2386,194690,2014
2387,146017,2014
2388,236725,2014
2389,203539,2014
2390,134513,2014
2391,265486,2014
2392,100000,2014
2393,203539,2014
2394,256637,2014
2395,286283,2014
2396,340707,2014
2397,247787,2014
2398,338053,2014
2399,223008,2014
2400,438053,2014
2401,229203,2014
2402,225663,2014
2403,380530,2014
2404,206194,2014
2405,349557,2014
2406,247787,2014
2407,299115,2014
2408,132743,2014
2409,84955,2014
2410,243362,2014
2411,296460,2014
2412,242920,2014
2413,247345,2014
2414,238938,2014
2415,196902,2014
2416,319469,2014
2417,84070,2014
2418,336283,2014
2419,369911,2014
2420,187610,2014
2421,138938,2014
2422,98761,2014
2423,323008,2014
2424,153982,2014
2425,129646,2014
2426,88318,2014
2427,225663,2014
2428,152212,2014
2429,312389,2014
2430,99823,2014
2431,260176,2014
2432,99823,2014
2433,292035,2014
2434,228318,2014
2435,130088,2014
2436,241150,2014
2437,192035,2014
2438,245132,2014
2439,228318,2014
2440,353982,2014
2441,184955,2014
2442,209734,2014
2443,358407,2014
2444,136283,2014
2445,88495,2014
2446,110176,2014
2447,252212,2014
2448,212389,2014
2449,386725,2014
2450,148672,2014
2451,195575,2014
2452,155752,2014
2453,171681,2014
2454,246017,2014
2455,160176,2014
2456,70796,2014
2457,109734,2014
2458,167256,2014
2459,244247,2014
2460,226548,2014
2461,256637,2014
2462,243362,2014
2463,114601,2014
2464,247787,2014
2465,64159,2014
2466,178761,2014
2467,356637,2014
2468,349557,2014
2469,184070,2014
2470,167256,2014
2471,247787,2014
2472,226548,2014
2473,225663,2014
2474,86283,2014
2475,57522,2014
2476,256637,2014
2477,232743,2014
2478,203539,2014
2479,200000,2014
2480,178761,2014
2481,64601,2014
2482,254424,2014
2483,139823,2014
2484,321238,2014
2485,143362,2014
2486,69026,2014
2487,69026,2014
2488,209734,2014
2489,279646,2014
2490,159292,2014
2491,198230,2014
2492,252212,2014
2493,223893,2014
2494,380530,2014
2495,367256,2014
2496,132300,2014
2497,367256,2014
2498,361823,2014
2499,156637,2014
2500,222123,2014
2501,371681,2014
2502,343628,2014
2503,274336,2014
2504,173451,2014
2505,368398,2014
2506,260619,2014
2507,292035,2014
2508,92920,2014
2509,60176,2014
2510,60176,2014
2511,63893,2014
2512,300884,2014
2513,295575,2014
2514,280088,2014
2515,362831,2014
2516,75221,2014
2517,224690,2014
2518,253982,2014
2519,320353,2014
2520,302212,2014
2521,255752,2014
2522,246017,2014
2523,130973,2014
2524,103362,2014
2525,225663,2014
2526,155752,2014
2527,261061,2014
2528,169469,2014
2529,154867,2014
2530,206637,2014
2531,171238,2014
2532,192035,2014
2533,295575,2014
2534,236283,2014
2535,200884,2014
2536,347530,2014
2537,372566,2014
2538,218584,2014
2539,199115,2014
2540,269026,2014
2541,377876,2014
2542,371681,2014
2543,471238,2014
2544,353982,2014
2545,207964,2014
2546,347345,2014
2547,272566,2014
2548,389380,2014
2549,161061,2014
2550,367256,2014
2551,134513,2014
2552,295575,2014
2553,300884,2014
2554,300884,2014
2555,234513,2014
2556,243362,2014
2557,220353,2014
2558,60973,2014
2559,296460,2014
2560,302654,2014
2561,238938,2014
2562,318584,2014
2563,159292,2014
2564,256637,2014
2565,259292,2014
2566,101327,2014
2567,154867,2014
2568,172566,2014
2569,265486,2014
2570,242477,2014
2571,158407,2014
2572,318584,2014
2573,162743,2014
2574,120353,2014
2575,62831,2014
2576,211946,2014
2577,279646,2014
2578,240707,2014
2579,256637,2014
2580,252212,2014
2581,238053,2014
2582,174336,2014
2583,292035,2014
2584,230088,2014
2585,274336,2014
2586,354123,2014
2587,310309,2014
2588,265486,2014
2589,292035,2014
2590,290265,2014
2591,256637,2014
2592,265486,2014
2593,296460,2014
2594,93362,2014
2595,110619,2014
2596,319469,2014
2597,318584,2014
2598,70796,2014
2599,300884,2014
2600,344247,2014
2601,304424,2014
2602,349557,2014
2603,366371,2014
2604,237168,2014
2605,172566,2014
2606,154867,2014
2607,61946,2014
2608,170796,2014
2609,190265,2014
2610,333628,2014
2611,190265,2014
2612,234513,2014
2613,115044,2014
2614,203539,2014
2615,281415,2014
2616,93097,2014
2617,252212,2014
2618,152212,2014
2619,211946,2014
2620,309292,2014
2621,184955,2014
2622,207079,2014
2623,175663,2014
2624,269911,2014
2625,283185,2014
2626,63274,2014
2627,278761,2014
2628,353982,2014
2629,402654,2014
2630,280530,2014
2631,303539,2014
2632,223008,2014
2633,271681,2014
2634,238938,2014
2635,268141,2014
2636,396460,2014
2637,369628,2014
2638,423619,2014
2639,388690,2014
2640,348283,2014
2641,230088,2014
2642,54867,2014
2643,292035,2014
2644,265486,2014
2645,314159,2014
2646,287610,2014
2647,232743,2014
2648,210619,2014
2649,224778,2014
2650,212389,2014
2651,53982,2014
2652,343362,2014
2653,315929,2014
2654,159292,2014
2655,87610,2014
2656,252212,2014
2657,247787,2014
2658,345132,2014
2659,365486,2014
2660,308849,2014
2661,342477,2014
2662,282300,2014
2663,282053,2014
2664,280973,2014
2665,280530,2014
2666,219469,2014
2667,226725,2014
2668,194690,2014
2669,159292,2014
2670,232743,2014
2671,118584,2014
2672,63716,2014
2673,168141,2014
2674,179646,2014
2675,256637,2014
2676,284955,2014
2677,325221,2014
2678,103982,2014
2679,184070,2014
2680,152654,2014
2681,155752,2014
2682,139823,2014
2683,83902,2014
2684,345132,2014
2685,383716,2014
2686,376867,2014
2687,398230,2014
2688,393805,2014
2689,211504,2014
2690,291150,2014
2691,300000,2014
2692,283185,2014
2693,315044,2014
2694,247787,2014
2695,429203,2014
2696,274336,2014
2697,291150,2014
2698,118584,2014
2699,271681,2014
2700,212389,2014
2701,311504,2014
2702,307079,2014
2703,57522,2014
2704,384955,2014
2705,323008,2014
2706,348672,2014
2707,256637,2014
2708,331858,2014
2709,292035,2014
2710,182743,2014
2711,315929,2014
2712,203539,2014
2713,374336,2014
2714,349557,2014
2715,240707,2014
2716,286725,2014
2717,286725,2014
2718,212389,2014
2719,210619,2014
2720,157964,2014
2721,268141,2014
2722,105752,2014
2723,181415,2014
2724,246902,2014
2725,118584,2014
2726,310150,2014
2727,331265,2014
2728,320345,2014
2729,353716,2014
2730,365548,2014
2731,424778,2014
2732,238938,2014
2733,221238,2014
2734,442477,2014
2735,308849,2014
2736,381831,2014
2737,362601,2014
2738,347982,2014
2739,181415,2014
2740,252212,2014
2741,325663,2014
2742,305309,2014
2743,371681,2014
2744,323008,2014
2745,362831,2014
2746,451327,2014
2747,83628,2014
2748,371681,2014
2749,389380,2014
2750,407964,2014
2751,265486,2014
2752,280530,2014
2753,250442,2014
2754,137168,2014
2755,247345,2014
2756,117699,2014
2757,190265,2014
2758,174778,2014
2759,73008,2014
2760,255752,2014
2761,96017,2014
2762,255752,2014
2763,176991,2014
2764,261061,2014
2765,259292,2014
2766,294690,2014
2767,221238,2014
2768,287610,2014
2769,243362,2014
2770,429203,2014
2771,340707,2014
2772,290265,2014
2773,292035,2014
2774,318584,2015
2775,309734,2015
2776,309734,2015
2777,276991,2015
2778,105309,2015
2779,60176,2015
2780,442477,2015
2781,353982,2015
2782,368672,2015
2783,377876,2015
2784,262831,2015
2785,290707,2015
2786,290265,2015
2787,265486,2015
2788,191150,2015
2789,70353,2015
2790,305309,2015
2791,115044,2015
2792,203539,2015
2793,261946,2015
2794,228318,2015
2795,254867,2015
2796,371681,2015
2797,105309,2015
2798,327433,2015
2799,101769,2015
2800,173451,2015
2801,79646,2015
2802,120353,2015
2803,88495,2015
2804,269026,2015
2805,287610,2015
2806,265486,2015
2807,464601,2015
2808,386725,2015
2809,174336,2015
2810,433628,2015
2811,290265,2015
2812,228318,2015
2813,445132,2015
2814,438053,2015
2815,274336,2015
2816,424778,2015
2817,308849,2015
2818,296460,2015
2819,307522,2015
2820,300884,2015
2821,281415,2015
2822,333628,2015
2823,314159,2015
2824,331858,2015
2825,245132,2015
2826,376106,2015
2827,442477,2015
2828,380530,2015
2829,287610,2015
2830,395575,2015
2831,411504,2015
2832,176991,2015
2833,240707,2015
2834,263716,2015
2835,265486,2015
2836,343362,2015
2837,154867,2015
2838,153982,2015
2839,234513,2015
2840,262831,2015
2841,105309,2015
2842,103982,2015
2843,261061,2015
2844,206194,2015
2845,222123,2015
2846,125221,2015
2847,157079,2015
2848,469026,2015
2849,232743,2015
2850,308849,2015
2851,261061,2015
2852,307964,2015
2853,278761,2015
2854,311504,2015
2855,228318,2015
2856,263716,2015
2857,345132,2015
2858,353716,2015
2859,345132,2015
2860,253097,2015
2861,296460,2015
2862,273451,2015
2863,175221,2015
2864,269911,2015
2865,104424,2015
2866,94690,2015
2867,402654,2015
2868,392035,2015
2869,400884,2015
2870,283185,2015
2871,336283,2015
2872,265486,2015
2873,176106,2015
2874,189380,2015
2875,206194,2015
2876,265486,2015
2877,314159,2015
2878,288495,2015
2879,192920,2015
2880,168141,2015
2881,184070,2015
2882,189380,2015
2883,296460,2015
2884,174778,2015
2885,266814,2015
2886,262831,2015
2887,203539,2015
2888,101769,2015
2889,104424,2015
2890,221238,2015
2891,106194,2015
2892,75221,2015
2893,101769,2015
2894,261061,2015
2895,119469,2015
2896,295575,2015
2897,211504,2015
2898,316814,2015
2899,219469,2015
2900,273451,2015
2901,423008,2015
2902,429203,2015
2903,318584,2015
2904,404424,2015
2905,442477,2015
2906,318584,2015
2907,274336,2015
2908,265486,2015
2909,327433,2015
2910,429203,2015
2911,265486,2015
2912,433628,2015
2913,464601,2015
2914,327433,2015
2915,173451,2015
2916,362831,2015
2917,345132,2015
2918,327433,2015
2919,349557,2015
2920,255752,2015
2921,109734,2015
2922,112831,2015
2923,65044,2015
2924,67256,2015
2925,380530,2015
2926,389380,2015
2927,433628,2015
2928,362831,2015
2929,424778,2015
2930,292035,2015
2931,247787,2015
2932,216814,2015
2933,219469,2015
2934,102212,2015
2935,168141,2015
2936,220353,2015
2937,197787,2015
2938,275221,2015
2939,185840,2015
2940,99557,2015
2941,129203,2015
2942,146017,2015
2943,267699,2015
2944,451327,2015
2945,279646,2015
2946,334513,2015
2947,402654,2015
2948,460176,2015
2949,477876,2015
2950,246017,2015
2951,314159,2015
2952,346902,2015
2953,345132,2015
2954,361061,2015
2955,325663,2015
2956,266371,2015
2957,296460,2015
2958,109734,2015
2959,58407,2015
2960,442477,2015
2961,358407,2015
2962,371681,2015
2963,386725,2015
2964,415929,2015
2965,440707,2015
2966,356637,2015
2967,292920,2015
2968,389380,2015
2969,303539,2015
2970,361061,2015
2971,216814,2015
2972,292035,2015
2973,330973,2015
2974,277876,2015
2975,226991,2015
2976,79646,2015
2977,131858,2015
2978,290265,2015
2979,372566,2015
2980,168141,2015
2981,178761,2015
2982,196460,2015
2983,138053,2015
2984,253982,2015
2985,343362,2015
2986,513274,2015
2987,398230,2015
2988,407424,2015
2989,433778,2015
2990,348672,2015
2991,488415,2015
2992,486725,2015
2993,367256,2015
2994,345132,2015
2995,353982,2015
2996,353097,2015
2997,57522,2015
2998,465486,2015
2999,442477,2015
3000,460176,2015
3001,451327,2015
3002,380530,2015
3003,125663,2015
3004,150442,2015
3005,396460,2015
3006,427433,2015
3007,364601,2015
3008,294690,2015
3009,307964,2015
3010,176991,2015
3011,292035,2015
3012,326548,2015
3013,442477,2015
3014,323008,2015
3015,351769,2015
3016,314159,2015
3017,159292,2015
3018,277433,2015
3019,353982,2015
3020,176991,2015
3021,433628,2015
3022,247787,2015
3023,79646,2015
3024,104867,2015
3025,391150,2015
3026,104424,2015
3027,104424,2015
3028,79646,2015
3029,570796,2015
3030,486725,2015
3031,420353,2015
3032,194690,2015
3033,438053,2015
3034,345132,2015
3035,172566,2015
3036,325663,2015
3037,344247,2015
3038,157522,2015
3039,362831,2015
3040,353982,2015
3041,357964,2015
3042,115044,2015
3043,35398,2015
3044,35398,2015
3045,35398,2015
3046,336283,2015
3047,460176,2015
3048,292035,2015
3049,356637,2015
3050,349557,2015
3051,330088,2015
3052,309734,2015
3053,389380,2015
3054,105309,2015
3055,336283,2015
3056,379203,2015
3057,411504,2015
3058,205752,2015
3059,74336,2015
3060,296460,2015
3061,303539,2015
3062,411504,2015
3063,221238,2015
3064,294690,2015
3065,168141,2015
3066,150442,2015
3067,475663,2015
3068,530973,2015
3069,566371,2015
3070,250442,2015
3071,271681,2015
3072,205752,2015
3073,358407,2015
3074,298230,2015
3075,265486,2015
3076,376106,2015
3077,199115,2015
3078,101769,2015
3079,318584,2015
3080,101769,2015
3081,231858,2015
3082,237168,2015
3083,333628,2015
3084,130088,2015
3085,530973,2015
3086,345132,2015
3087,289380,2015
3088,256637,2015
3089,298230,2015
3090,335398,2015
3091,292035,2015
3092,371681,2015
3093,234513,2015
3094,526548,2015
3095,304424,2015
3096,371681,2015
3097,253982,2015
3098,103982,2015
3099,415929,2015
3100,449557,2015
3101,300000,2015
3102,392743,2015
3103,73893,2015
3104,77876,2015
3105,469026,2015
3106,221238,2015
3107,335398,2015
3108,283185,2015
3109,486725,2015
3110,491150,2015
3111,508849,2015
3112,162831,2015
3113,278761,2015
3114,300000,2015
3115,54424,2015
3116,59292,2015
3117,54867,2015
3118,429203,2015
3119,389380,2015
3120,464601,2015
3121,105309,2015
3122,448672,2015
3123,380530,2015
3124,389380,2015
3125,292035,2015
3126,322123,2015
3127,81415,2015
3128,250442,2015
3129,250000,2015
3130,367256,2015
3131,166371,2015
3132,293805,2015
3133,255752,2015
3134,384070,2015
3135,418584,2015
3136,174336,2015
3137,250442,2015
3138,245132,2015
3139,379203,2015
3140,203539,2015
3141,197345,2015
3142,89380,2015
3143,298230,2015
3144,279203,2015
3145,178761,2015
3146,172566,2015
3147,251327,2015
3148,168141,2015
3149,327433,2015
3150,336283,2015
3151,242477,2015
3152,265486,2015
3153,107345,2015
3154,300884,2015
3155,35398,2015
3156,402654,2015
3157,380530,2015
3158,320353,2015
3159,156637,2015
3160,358407,2015
3161,102654,2015
3162,176991,2015
3163,424778,2015
3164,185840,2015
3165,119469,2015
3166,334513,2015
3167,517699,2015
3168,517699,2015
3169,102601,2016
3170,101548,2016
3171,146256,2016
3172,149274,2016
3173,146256,2016
3174,149274,2016
3175,103663,2016
3176,147761,2016
3177,103663,2016
3178,103663,2016
3179,143389,2016
3180,147761,2016
3181,143238,2016
3182,144752,2016
3183,140380,2016
3184,103663,2016
3185,146256,2016
3186,149274,2016
3187,150778,2016
3188,144752,2016
3189,150778,2016
3190,150778,2016
3191,103663,2016
3192,150778,2016
3193,149274,2016
3194,149274,2016
3195,137513,2016
3196,147761,2016
3197,147761,2016
3198,144752,2016
3199,147761,2016
3200,143389,2016
3201,147761,2016
3202,149274,2016
3203,149274,2016
3204,149274,2016
3205,149274,2016
3206,98477,2016
3207,149274,2016
3208,144752,2016
3209,99539,2016
3210,103663,2016
3211,150778,2016
3212,147761,2016
3213,150778,2016
3214,149274,2016
3215,149274,2016
3216,149274,2016
3217,96469,2016
3218,149274,2016
3219,150778,2016
3220,146256,2016
3221,150778,2016
3222,150778,2016
3223,150778,2016
3224,103663,2016
3225,147761,2016
3226,146256,2016
3227,143389,2016
3228,147761,2016
3229,147761,2016
3230,149274,2016
3231,147761,2016
3232,140380,2016
3233,147761,2016
3234,147761,2016
3235,143389,2016
3236,150778,2016
3237,146256,2016
3238,144752,2016
3239,149274,2016
3240,150778,2016
3241,146256,2016
3242,96469,2016
3243,147761,2016
3244,149274,2016
3245,100592,2016
3246,149274,2016
3247,146256,2016
3248,149274,2016
3249,149274,2016
3250,147761,2016
3251,150778,2016
3252,103663,2016
3253,103663,2016
3254,149274,2016
3255,146256,2016
3256,150778,2016
3257,140380,2016
3258,147761,2016
3259,150778,2016
3260,141884,2016
3261,144752,2016
3262,103663,2016
3263,144752,2016
3264,140380,2016
3265,143389,2016
3266,150778,2016
3267,144752,2016
3268,149274,2016
3269,147761,2016
3270,149274,2016
3271,141884,2016
3272,147761,2016
3273,149274,2016
3274,146256,2016
3275,103663,2016
3276,150778,2016
3277,146256,2016
3278,101548,2016
3279,103663,2016
3280,147761,2016
3281,149274,2016
3282,98477,2016
3283,149274,2016
3284,149274,2016
3285,150778,2016
3286,149274,2016
3287,102601,2016
3288,102601,2016
3289,140380,2016
3290,149274,2016
3291,149274,2016
3292,149274,2016
3293,143238,2016
3294,149274,2016
3295,140380,2016
3296,103663,2016
3297,146256,2016
3298,143238,2016
3299,103663,2016
3300,149274,2016
3301,147761,2016
3302,149274,2016
3303,147761,2016
3304,149274,2016
3305,146256,2016
3306,149274,2016
3307,144752,2016
3308,146256,2016
3309,149274,2016
3310,147761,2016
3311,149274,2016
3312,146256,2016
3313,146256,2016
3314,149274,2016
3315,150778,2016
3316,101548,2016
3317,149274,2016
3318,140380,2016
3319,103663,2016
3320,147761,2016
3321,146256,2016
3322,146256,2016
3323,150778,2016
3324,149274,2016
3325,147761,2016
3326,149274,2016
3327,146256,2016
3328,144752,2016
3329,147761,2016
3330,143238,2016
3331,103663,2016
3332,146256,2016
3333,150778,2016
3334,147761,2016
3335,149274,2016
3336,146256,2016
3337,143238,2016
3338,149274,2016
3339,144752,2016
3340,149274,2016
3341,146256,2016
3342,146256,2016
3343,144752,2016
3344,149274,2016
3345,143238,2016
3346,149274,2016
3347,105840,2016
3348,201769,2016
3349,247787,2016
3350,327433,2016
3351,374336,2016
3352,336283,2016
3353,309734,2016
3354,376106,2016
3355,353982,2016
3356,299115,2016
3357,305309,2016
3358,166371,2016
3359,353982,2016
3360,140380,2016
3361,149274,2016
3362,150778,2016
3363,129203,2016
3364,53982,2016
3365,414159,2016
3366,353982,2016
3367,106194,2016
3368,314159,2016
3369,119469,2016
3370,256637,2016
3371,203539,2016
3372,80530,2016
3373,211061,2016
3374,132743,2016
3375,331858,2016
3376,292035,2016
3377,100000,2016
3378,104424,2016
3379,310619,2016
3380,168141,2016
3381,327433,2016
3382,210619,2016
3383,309734,2016
3384,229203,2016
3385,507079,2016
3386,345132,2016
3387,353938,2016
3388,367256,2016
3389,353982,2016
3390,364601,2016
3391,280530,2016
3392,261061,2016
3393,115044,2016
3394,53274,2016
3395,384955,2016
3396,97345,2016
3397,185840,2016
3398,119469,2016
3399,310176,2016
3400,374336,2016
3401,307964,2016
3402,169026,2016
3403,309734,2016
3404,238938,2016
3405,130973,2016
3406,289380,2016
3407,345132,2016
3408,402654,2016
3409,140707,2016
3410,250442,2016
3411,123893,2016
3412,451327,2016
3413,84070,2016
3414,460176,2016
3415,336283,2016
3416,486725,2016
3417,311504,2016
3418,274336,2016
3419,260176,2016
3420,480530,2016
3421,338938,2016
3422,107964,2016
3423,350442,2016
3424,422123,2016
3425,169911,2016
3426,221238,2016
3427,265486,2016
3428,72566,2016
3429,110619,2016
3430,371681,2016
3431,81415,2016
3432,242477,2016
3433,334513,2016
3434,292035,2016
3435,265486,2016
3436,279646,2016
3437,300884,2016
3438,309734,2016
3439,314159,2016
3440,253982,2016
3441,300884,2016
3442,265486,2016
3443,364601,2016
3444,330088,2016
3445,225663,2016
3446,271681,2016
3447,138053,2016
3448,331858,2016
3449,353982,2016
3450,194690,2016
3451,373451,2016
3452,195575,2016
3453,376106,2016
3454,185840,2016
3455,184955,2016
3456,371681,2016
3457,241592,2016
3458,362831,2016
3459,201769,2016
3460,307079,2016
3461,285398,2016
3462,438053,2016
3463,451327,2016
3464,504424,2016
3465,344247,2016
3466,358407,2016
3467,346902,2016
3468,283185,2016
3469,292035,2016
3470,236725,2016
3471,62831,2016
3472,55752,2016
3473,55752,2016
3474,362831,2016
3475,97345,2016
3476,458407,2016
3477,269911,2016
3478,221238,2016
3479,313274,2016
3480,158849,2016
3481,283185,2016
3482,340707,2016
3483,389380,2016
3484,239823,2016
3485,309734,2016
3486,242477,2016
3487,336283,2016
3488,381415,2016
3489,261061,2016
3490,349557,2016
3491,458407,2016
3492,336283,2016
3493,345132,2016
3494,149274,2016
3495,274336,2016
3496,55309,2016
3497,438053,2016
3498,469026,2016
3499,308849,2016
3500,291150,2016
3501,446902,2016
3502,325663,2016
3503,235398,2016
3504,79646,2016
3505,159292,2016
3506,362831,2016
3507,245575,2016
3508,206637,2016
3509,287610,2016
3510,255752,2016
3511,252212,2016
3512,168141,2016
3513,344247,2016
3514,172566,2016
3515,329203,2016
3516,247787,2016
3517,242477,2016
3518,119469,2016
3519,530973,2016
3520,529203,2016
3521,326548,2016
3522,331858,2016
3523,304424,2016
3524,123008,2016
3525,238938,2016
3526,323008,2016
3527,108407,2016
3528,464601,2016
3529,333628,2016
3530,287610,2016
3531,326548,2016
3532,332743,2016
3533,240265,2016
3534,362831,2016
3535,224336,2016
3536,318584,2016
3537,346017,2016
3538,371681,2016
3539,242035,2016
3540,269911,2016
3541,210619,2016
3542,262831,2016
3543,277876,2016
3544,262831,2016
3545,241592,2016
3546,256637,2016
3547,191150,2016
3548,330973,2016
3549,446902,2016
3550,265486,2016
3551,265486,2016
3552,218584,2016
3553,256637,2016
3554,303539,2016
3555,269911,2016
3556,106194,2016
3557,258407,2016
3558,358407,2016
3559,358407,2016
3560,366371,2016
3561,243362,2016
3562,59911,2016
3563,55663,2016
3564,464601,2016
3565,292035,2016
3566,243362,2016
3567,338053,2016
3568,340707,2016
3569,414159,2016
3570,342477,2016
3571,352212,2016
3572,361061,2016
3573,309734,2016
3574,119469,2016
3575,265486,2016
3576,265486,2016
3577,129203,2016
3578,125221,2016
3579,380530,2016
3580,367256,2016
3581,321238,2016
3582,280530,2016
3583,309292,2016
3584,259292,2016
3585,252654,2016
3586,438053,2016
3587,340707,2016
3588,339823,2016
3589,353982,2016
3590,331858,2016
3591,526548,2016
3592,331858,2016
3593,469026,2016
3594,274336,2016
3595,353982,2016
3596,171681,2016
3597,296460,2016
3598,442477,2016
3599,460176,2016
3600,424778,2016
3601,169026,2016
3602,236725,2016
3603,451327,2016
3604,349557,2016
3605,243362,2016
3606,334955,2016
3607,317699,2016
3608,206637,2016
3609,378761,2016
3610,353982,2016
3611,345132,2016
3612,207079,2016
3613,415929,2016
3614,292035,2016
3615,318584,2016
3616,272566,2016
3617,171681,2016
3618,172566,2016
3619,376106,2016
3620,315044,2016
3621,108849,2016
3622,276991,2016
3623,272566,2016
3624,264601,2016
3625,349557,2016
3626,383185,2016
3627,172566,2016
3628,107079,2016
3629,326548,2016
3630,327433,2016
3631,248672,2016
3632,522123,2016
3633,247787,2016
3634,429203,2016
3635,350442,2016
3636,469026,2016
3637,278761,2016
3638,222123,2016
3639,331858,2016
3640,212389,2016
3641,269026,2016
3642,274336,2016
3643,269911,2016
3644,369026,2016
3645,371681,2016
3646,352212,2016
3647,377876,2016
3648,353982,2016
3649,73451,2016
3650,115044,2016
3651,60176,2016
3652,455752,2016
3653,394690,2016
3654,287610,2016
3655,265486,2016
3656,269911,2016
3657,291150,2016
3658,279646,2016
3659,463716,2016
3660,290265,2016
3661,154159,2016
3662,207964,2016
3663,243362,2016
3664,85840,2016
3665,81415,2016
3666,314159,2016
3667,334513,2016
3668,159292,2016
3669,300884,2016
3670,341150,2016
3671,331415,2016
3672,265486,2016
3673,271681,2016
3674,324778,2016
3675,272566,2016
3676,268141,2016
3677,238938,2016
3678,247787,2016
3679,267247,2016
3680,128318,2016
3681,264601,2016
3682,311061,2016
3683,134513,2016
3684,405309,2016
3685,154867,2016
3686,386725,2016
3687,287610,2016
3688,371681,2016
3689,336283,2016
3690,329646,2016
3691,394690,2016
3692,137168,2016
3693,252212,2016
3694,353982,2016
3695,265486,2016
3696,305309,2016
3697,193805,2016
3698,366371,2016
3699,371681,2016
3700,409734,2016
3701,262831,2016
3702,265486,2016
3703,84070,2016
3704,340707,2016
3705,268141,2016
3706,338938,2016
3707,495575,2016
3708,283185,2016
3709,212389,2016
3710,196460,2016
3711,460176,2016
3712,265486,2017
3713,247787,2017
3714,284955,2017
3715,317699,2017
3716,119469,2017
3717,292035,2017
3718,263716,2017
3719,121238,2017
3720,185840,2017
3721,105309,2017
3722,202654,2017
3723,362566,2017
3724,320353,2017
3725,74955,2017
3726,331858,2017
3727,345132,2017
3728,336283,2017
3729,564601,2017
3730,174601,2017
3731,294690,2017
3732,371681,2017
3733,362831,2017
3734,247787,2017
3735,57522,2017
3736,97345,2017
3737,109734,2017
3738,300884,2017
3739,318584,2017
3740,376106,2017
3741,296460,2017
3742,369026,2017
3743,349557,2017
3744,362831,2017
3745,362831,2017
3746,349557,2017
3747,324778,2017
3748,323008,2017
3749,269911,2017
3750,361946,2017
3751,261061,2017
3752,272566,2017
3753,180530,2017
3754,178761,2017
3755,155752,2017
3756,203539,2017
3757,132743,2017
3758,242477,2017
3759,263716,2017
3760,315929,2017
3761,256637,2017
3762,363716,2017
3763,237168,2017
3764,296460,2017
3765,228318,2017
3766,345132,2017
3767,469026,2017
3768,349557,2017
3769,176991,2017
3770,261061,2017
3771,283185,2017
3772,254867,2017
3773,414159,2017
3774,194690,2017
3775,303539,2017
3776,376106,2017
3777,451327,2017
3778,392035,2017
3779,300884,2017
3780,353982,2017
3781,376106,2017
3782,271681,2017
3783,179646,2017
3784,214159,2017
3785,101769,2017
3786,358407,2017
3787,260176,2017
3788,336283,2017
3789,141592,2017
3790,271681,2017
3791,391150,2017
3792,440707,2017
3793,338053,2017
3794,358407,2017
3795,114159,2017
3796,256637,2017
3797,357522,2017
3798,334513,2017
3799,257522,2017
3800,276991,2017
3801,285840,2017
3802,116814,2017
3803,247787,2017
3804,353982,2017
3805,108849,2017
3806,102654,2017
3807,278761,2017
3808,469026,2017
3809,194690,2017
3810,336283,2017
3811,424778,2017
3812,225663,2017
3813,234513,2017
3814,272123,2017
3815,345132,2017
3816,276991,2017
3817,146017,2017
3818,305309,2017
3819,296460,2017
3820,59292,2017
3821,55752,2017
3822,57522,2017
3823,75221,2017
3824,415929,2017
3825,432743,2017
3826,314159,2017
3827,354867,2017
3828,353982,2017
3829,278761,2017
3830,383185,2017
3831,380530,2017
3832,455752,2017
3833,298672,2017
3834,345132,2017
3835,271681,2017
3836,269026,2017
3837,232743,2017
3838,460176,2017
3839,367256,2017
3840,471504,2017
3841,358407,2017
3842,420353,2017
3843,460176,2017
3844,172566,2017
3845,181415,2017
3846,151327,2017
3847,107964,2017
3848,271681,2017
3849,251327,2017
3850,495575,2017
3851,351327,2017
3852,232743,2017
3853,143362,2017
3854,278761,2017
3855,307964,2017
3856,366371,2017
3857,262831,2017
3858,381415,2017
3859,300884,2017
3860,495575,2017
3861,464601,2017
3862,407079,2017
3863,442477,2017
3864,369911,2017
3865,477876,2017
3866,420353,2017
3867,387610,2017
3868,383185,2017
3869,380530,2017
3870,384955,2017
3871,299115,2017
3872,294690,2017
3873,287610,2017
3874,218584,2017
3875,77876,2017
3876,119469,2017
3877,274336,2017
3878,185840,2017
3879,201769,2017
3880,344690,2017
3881,314159,2017
3882,298230,2017
3883,78761,2017
3884,269911,2017
3885,172566,2017
3886,297345,2017
3887,327433,2017
3888,323008,2017
3889,309734,2017
3890,323893,2017
3891,329203,2017
3892,331858,2017
3893,266371,2017
3894,325663,2017
3895,316371,2017
3896,529203,2017
3897,566371,2017
3898,291247,2017
3899,515929,2017
3900,585840,2017
3901,442477,2017
3902,345132,2017
3903,442477,2017
3904,285840,2017
3905,388495,2017
3906,389380,2017
3907,250442,2017
3908,274336,2017
3909,125663,2017
3910,53982,2017
3911,408849,2017
3912,504424,2017
3913,314159,2017
3914,273451,2017
3915,392920,2017
3916,256637,2017
3917,297345,2017
3918,391150,2017
3919,199115,2017
3920,267699,2017
3921,331858,2017
3922,340707,2017
3923,346902,2017
3924,353097,2017
3925,270796,2017
3926,354867,2017
3927,269911,2017
3928,276106,2017
3929,318584,2017
3930,312389,2017
3931,309292,2017
3932,371681,2017
3933,274336,2017
3934,338053,2017
3935,353982,2017
3936,331858,2017
3937,238938,2017
3938,237168,2017
3939,360176,2017
3940,123008,2017
3941,157079,2017
3942,384955,2017
3943,336283,2017
3944,176106,2017
3945,266371,2017
3946,267256,2017
3947,366371,2017
3948,370796,2017
3949,371681,2017
3950,371681,2017
3951,349557,2017
3952,123893,2017
3953,336283,2017
3954,261061,2017
3955,367256,2017
3956,333628,2017
3957,243362,2017
3958,464601,2017
3959,495575,2017
3960,272566,2017
3961,282300,2017
3962,353097,2017
3963,232743,2017
3964,284955,2017
3965,221238,2017
3966,407079,2017
3967,252212,2017
3968,378761,2017
3969,409734,2017
3970,233185,2017
3971,284070,2017
3972,358407,2017
3973,362831,2017
3974,287610,2017
3975,307079,2017
3976,283185,2017
3977,307079,2017
3978,88495,2017
3979,108849,2017
3980,396017,2017
3981,484070,2017
3982,283185,2017
3983,376106,2017
3984,327433,2017
3985,392035,2017
3986,389380,2017
3987,384955,2017
3988,389380,2017
3989,384955,2017
3990,393805,2017
3991,392035,2017
3992,464601,2017
3993,300884,2017
3994,364159,2017
3995,389380,2017
3996,406194,2017
3997,413274,2017
3998,305309,2017
3999,460176,2017
4000,398230,2017
4001,393805,2017
4002,402654,2017
4003,274336,2017
4004,81858,2017
4005,241592,2017
4006,379646,2017
4007,154867,2017
4008,293805,2017
4009,420353,2017
4010,269026,2017
4011,317699,2017
4012,515044,2017
4013,269911,2017
4014,358407,2017
4015,415929,2017
4016,433628,2017
4017,216814,2017
4018,374336,2017
4019,349557,2017
4020,126548,2017
4021,82300,2017
4022,207079,2017
4023,365486,2017
4024,274336,2017
4025,325221,2017
4026,360176,2017
4027,287610,2017
4028,278761,2017
4029,163716,2017
4030,327433,2017
4031,238938,2017
4032,192035,2017
4033,323008,2017
4034,415929,2017
4035,380530,2017
4036,240707,2017
4037,327433,2017
4038,365486,2017
4039,247787,2017
4040,362831,2017
4041,351327,2017
4042,274336,2017
4043,362831,2017
4044,269911,2017
4045,362831,2017
4046,192920,2017
4047,353982,2017
4048,349557,2017
4049,241592,2017
4050,209734,2017
4051,281415,2017
4052,495575,2017
4053,207964,2017
4054,291150,2017
4055,247787,2017
4056,477876,2017
4057,292035,2017
4058,287610,2017
4059,433628,2017
4060,353982,2017
4061,526548,2017
4062,495575,2017
4063,336283,2017
4064,260176,2017
4065,522123,2017
4066,464601,2017
4067,389380,2017
4068,330088,2017
4069,384070,2017
4070,283185,2017
4071,299115,2017
4072,353982,2017
4073,339823,2017
4074,53097,2017
4075,433628,2017
4076,415929,2017
4077,460176,2017
4078,469026,2017
4079,402654,2017
4080,484070,2017
4081,290265,2017
4082,321238,2017
4083,411504,2017
4084,358407,2017
4085,371681,2017
4086,141150,2017
4087,376106,2017
4088,305309,2017
4089,237168,2017
4090,349557,2017
4091,283185,2017
4092,286283,2017
4093,290265,2017
4094,380530,2017
4095,342920,2017
4096,184513,2017
4097,407079,2017
4098,296460,2017
4099,388495,2017
4100,349557,2017
4101,278761,2017
4102,181415,2017
4103,246017,2017
4104,199115,2017
4105,211504,2017
4106,70796,2017
4107,72566,2017
4108,470796,2017
4109,305309,2017
4110,442477,2017
4111,201769,2017
4112,300884,2017
4113,265486,2017
4114,491150,2017
4115,256637,2017
4116,292035,2017
4117,557522,2017
4118,570796,2017
4119,482300,2017
4120,511504,2017
4121,298230,2017
4122,357522,2017
4123,312389,2017
